﻿<?xml version="1.0" encoding="utf-8"?><meta xmlns:xsi="http://www.w3.org/2001/XMLSchema-instance" xmlns:xsd="http://www.w3.org/2001/XMLSchema"><project id="68GBj6QmG3K" courseid="5wmhY6qLiRD_course_id" thumburl="story_content/thumbnail.jpg" title="Suhu &amp; Kalor XI" datepublished="2023-11-14T11:09:50" version="1.0.0.0" flashdata="story_content/data.swf" html5data="mobile/data.json" mobiledata="mobile/data.gz" enabledownload="true" duration="About 112 minutes" totalaudio="163259" totalvideo="524297"><description>Media Pembelajaran Fisika Materi Suhu dan Kalor</description><keywords>Fisika</keywords><slidemeta moniker="slide" monikerplural="slides" viewslides="38" slidecountdescription="38 slides" /><author name="Putri DE" email="putridianef@gmail.com" website="" /><application name="Articulate Storyline" version="3.3.15007.0" xmlversion="4.0" /></project></meta>